"name","quantity","price","createdAt"
"Momandroid ",,,
"Oli",,,
"Olaolu ",,,
"Olluy",,,
"Ola",,,
"Ola",,,
"Ola",,,
"OLORI",,,
"Ola",,,
"Ola",,,
"Aola",,,
"Aola",,,
"Ola",,,
"Yui",,,
"Remi Oyefolu",,,
"Olluy",,,
"Olly",,,
"Hhj",,,
"Hh",,,
"Desktop",,,
"Ola",,,
"Olaiphoneweb",,,
"Hhj",,,
"Hhh",,,
"Lu",,,
"sonny",,,
"Ola",,,
"Olly",,,
"Gbenga Solaja",,,
"Ola",,,
"Mommy",,,
"Ola",,,
"Aola",,,
"Ola",,,
"Olu",,,
"Gbogbo",,,
"Ola",,,
"Olu",,,
"Olaiphoneweb",,,
"Ola",,,
"Ghg",,,
"OlaDesktop",,,
"Ola",,,
"OlaDesktop",,,
"Ola",,,
"Ollyweb",,,
"Olly",,,
"Ola",,,
"Mommy",,,
"Remi",,,
"Olaiphoneweb",,,
"Ola",,,
"Ola",,,
"Ziemba",,,
"Hhj",,,
"Yhj",,,
"Oli",,,
"Ola",,,
"Ola",,,
"Olaiphoneweb",,,
"Nada",,,
"Ujj",,,
"Tamuno",,,
"Ggg",,,
"Tok",,,
"Funke",,,
"Olly",,,
"Ola",,,
"Olaiphoneweb",,,
"Blag",,,
"2pac",,,
"Olaolu ",,,
"Banks",,,
"Gbj",,,
"tom",,,
"Hhh",,,
"Ola",,,
"Olaiphoneweb",,,
"Oli",,,
"Ola web",,,
"Ggh",,,
"Ol",,,
"Tom",,,
"Olaiphoneweb",,,
"Olasafari",,,
"Olaoluwapo ",,,
"Olive ",,,
"Gbb",,,
"Ola",,,
"Ola",,,
"Torillo",,,
"Olaiphoneweb",,,
"Ola",,,
"Olaiphoneweb",,,
"Ope",,,
"Olu",,,
"Trr",,,
"Iut",,,
"Gfgh",,,
"Olli",,,
"Oly",,,
"Ola",,,
"Olaiphoneweb",,,
"Ola",,,
"Ificc",,,
"Olaiphoneweb",,,
"Hjd",,,
"Yhh",,,
"Ola",,,
"Ola",,,
"M",,,
"O",,,
"Ola",,,
"Ola",,,
"Hu",,,
"Oal",,,
"Ola",,,
"Ola",,,
"Vhjb ",,,
"Hhj",,,
"Olu",,,
"Ola",,,
"Ola",,,
"Olaiphoneweb",,,
"Gbenga Solaja",,,
"Ola",,,
"Jjdnnd",,,
"Ola",,,
"Olives ",,,
"Ola",,,
"OlaDesktop",,,
"Ggg",,,
"Hhj",,,
"Olluy",,,
"James Bond",,,
"Blah",,,
"Ola",,,
"Momandroid ",,,
"Olu",,,
"Tom",,,
"Olu",,,
"Knvv",,,
"Bjj",,,
"Olandroid",,,
"Tema",,,
"Ola",,,
"Ola",,,
"Ola",,,
"Hhj",,,
"Hhj",,,
"Tim",,,
"Aola",,,
"Ola",,,
"Ola",,,
"Olu",,,
"Ola",,,
"6pac",,,
"Olaoluwapo ",,,
"Olluy",,,
"OlaDesktop",,,
"Ola",,,
"Ola",,,
"Ollyweb",,,
"Ola web",,,
"Ola",,,
"Ola",,,
"Ola",,,
"Ola",,,
"Gbenga Solaja",,,
"Uriel",,,
"Ola",,,
"Ola",,,
"Benelux",,,
"Yamajiisan",,,
"Olaiphoneweb",,,
"Ola",,,
"Ola",,,
"Ilmanen",,,
"Olu",,,
"Olu",,,
"Ola",,,
"Olandroid",,,
"Ola",,,
"Nancy ",,,
"OlaDesktop",,,
"Hhj",,,
"Olu",,,
"Ola",,,
"Ola",,,
"Olli",,,
"Ola",,,
"Tayo",,,
"Ola",,,
"Olaiphoneweb",,,
"Ola",,,
"Ola",,,
"Ola",,,
"Bjj",,,
"Hjjd",,,
"Irene Okor ",,,
"Olandroid mob",,,
"Olaiphoneweb",,,
"Ola",,,
"Hook",,,
"Yhh",,,
"Dey",,,
"Oli",,,
"Ollyweb",,,
"Vgh",,,
"Ola",,,
"Fg",,,
"Ola",,,
"Ope",,,
"Hebdn",,,
"Hgj",,,
"Gbh",,,
"Ok",,,
"Olaiphoneweb",,,
"Momandroid ",,,
"Ola",,,
"Ola",,,
"Olaolu",,,
"Ask",,,
"Yhh",,,
"Olaiphoneweb",,,
"Ghj",,,
"Hhj",,,
"Sandra ",,,
"Aola",,,
"Tam",,,
"Ola",,,
"Ola",,,
"Ola web",,,
"I yhh",,,
"Ola",,,
"Ike",,,
"Olaweb",,,
"Cbn",,,
"Truth ",,,
"Yhh",,,
"Cvg",,,
"Tam",,,
"Oli",,,
"Olaiphoneweb",,,
"Aola",,,
"Yhh",,,
"Olaiphoneweb",,,
"Gbj",,,
"Ghj",,,
"Ola",,,
"Ola",,,
"Aola",,,
"Ollyweb",,,
"Tim",,,
"Ola",,,
"Ola",,,
"Ola",,,
"Ola",,,
"Ola",,,
"Olaiphoneweb",,,
"Ggg",,,
"Olluy",,,
"Menn",,,
"Ola",,,
"Olaweb",,,
"Olly",,,
"Ola",,,
"Olli",,,
"Olaiphoneweb",,,
"Ollyweb",,,
"Olaiphoneweb",,,
"Tom",,,
"Ola",,,
"Ola",,,
"Olaweb",,,
"Ola",,,
"Sinbad",,,
"Irene Okor ",,,
"Ola",,,
"Aola",,,
"Tolu",,,
"OlaDesktop",,,
"Aola",,,
"Hhj",,,
"Ola",,,
"Ola",,,
"Tty",,,
"Ola",,,
"Olive ",,,
"Gbh",,,
"Ola",,,
"Momandroid",,,
"Jk rowlings",,,
"Ola",,,
"Gbj",,,
"Ola",,,
"Olaiphoneweb",,,
"Ola",,,
"Jokole",,,
"Ola",,,
"Olaiphone",,,
"Ola",,,
"Bbb",,,
"Ola",,,
"Olaiphoneweb",,,
"Ola",,,
"Faridah DS",,,
"Olandroid",,,
"Tim",,,
"Tim",,,
"Rukky",,,
"Olaiphone",,,
"Ola",,,
"Ola",,,
"Hjd",,,
"Olly",,,
"Tayo",,,
"Olasafari",,,
"Ola",,,
"Ola",,,
"Hh",,,
"Ola",,,
"Remi Oyefolu",,,
"Olasafari",,,
"Ola",,,
"Hbsjd",,,
"Ola",,,
"Olu",,,
"Bj",,,
"Iko",,,
"Ola",,,
"Olaiphoneweb",,,
"Olandroid",,,
"Ola",,,
"Ghh",,,
"Olu",,,
"Oly",,,
"Olaiphoneweb",,,
"Hhj",,,
"Olli",,,
"Hhj",,,
"Ola",,,
"Ola",,,
"Ola",,,
"Obi",,,
"OlaDesktop",,,
"Tgh",,,
"Ola",,,
"Olaiphoneweb",,,
"Ola",,,
"Gbenga Solaja",,,
"Ola",,,
"Ola web",,,
"Uuh",,,
"Rom",,,
"Olaiphoneweb",,,
"Olaiphoneweb",,,
"Ola",,,
"Chelsea",,,
"Ola",,,
"Ola",,,
"Ola",,,
"Eyinju",,,
"Tim",,,
"Jay",,,
"Yhgy",,,
"Bbb",,,
"Oli",,,
"Ola",,,
"Ola",,,
"Bayo",,,
"Olaiphoneweb",,,
"Ola",,,
"Olu",,,
"Sandra ",,,
"Ola",,,
"Olluy",,,
"Ola",,,
"Ola",,,
"Olaweb",,,
"Drf",,,
"Yuu",,,
"Brn",,,
"Olaiphoneweb",,,
"Ola",,,
"Olaiphoneweb",,,
"Yon",,,
"Tolu O",,,
"Olandroid",,,
"Olly",,,
"Olaweb",,,
"Ola",,,
"Hdjd",,,
"Ola",,,
"Olaiphoneweb",,,
"Oly",,,
"2face",,,
"Ola",,,
"Ola",,,
"Ola",,,
"Ollyweb",,,
"Ola web",,,
"Ola",,,
"Mommy",,,
"Olaoluwapo ",,,
"Olaweb",,,
"Gbh",,,
"Olandroid",,,
"ola townsend",,,
"Ola",,,
"OlaDesktop",,,
"Ola",,,
"Ola",,,
"Tolu O",,,
"Ola web",,,
"Olandroid",,,
"Tgg",,,
"Ola",,,
"Argh",,,
"Ola",,,
"Hjd",,,